Workbook

Sheet فرم وضعیت استعلام
E2: فرم وضعیت استعلام | L2: شماره فرم: | M2: FR-PU-03/00
L3: تاریخ: | M3: 1405/05/05
L4: شماره: | M4: 33
B5: نام محصول / خدمات: | G5: مشخصات سفارش: درخواست | L5: تاریخ بازنگری:
D6: پایه فلزی آینه جانبی J4 | I6: 16743
L7: شماره بازنگری: | M7: 00
B8: تامین کنندگان | C8: ردیف | D8: نام تامین کننده | F8: قیمت | G8: شرایط تحویل/ پرداخت | I8: نام و آدرس و تلفن | L8: سایر توضیحات
C9: 1 | D9: شرکت ساتراپ جهان | F9: 118800000000 | I9: شهرک صنعتی عباس آباد
C10: 2
C11: 3
C12: 4
C13: 5
B15: مدیر محترم عامل: با سلام
B16: احتراما با عنایت به پیشنهادات ارائه شده لطفا دستور فرمائید نسبت به
C17: خرید از شرکت | D17: =D9 -> شرکت ساتراپ جهان
C18: طرح در کمیسیون معاملات جهت تصمیم گیری
B19: اقدام لازم به عمل آید.
K20: مدیر بازرگانی- امضا
B22: مدیریت محترم بازرگانی با سلام
B23: با پیشنهاد مطرح شده موافقت می شود.
K24: مدیر عامل- امضا

Sheet گزارش فنی و مهندسی تامین اقلام
H4: تاریخ: | I4: ='فرم وضعیت استعلام'!$M$3 -> 1405/05/05
H5: شماره فرم: | I5: ='فرم وضعیت استعلام'!$M$4 -> 33 | J5: /1404/م
C7: گزارش فنی و مهندسی تامین اقلام
A9: پیرو درخواست خرید شماره | D9: ='فرم وضعیت استعلام'!I6 -> 16743 | E9: مورخ | F9: ='فرم وضعیت استعلام'!M3 -> 1405/05/05 | G9: گزارش بررسی های به عمل آمده درخصوص اقلام موردنیاز و .
A10: تامین کنندگان به شرح ذیل ارائه می گردد
A11: با توجه به اینکه قالب‌های تولید قطعات مورد نیاز این شرکت با هزینه شرکت کادک ساخته شده و در اختیار شرکت خودرو مهر قرار گرفته و در حال حاضر طی قرارداد با شماره2036 نزد شرکت ساتراپ جهان مستقر می‌باشد، تأمین و تولید قطعات از طریق این تأمین‌کننده انجام می‌گیرد. همچنین دستگاه ماشین کاری قطعات با هزنیه شرکت ساخته شده و در اختیار شرکت ساتراپ جهان قرارداده شده است. شرکت ساتراپ جهان از نظر مشخصات فنی، ابعادی و عملکردی مورد ارزیابی قرار گرفته و کیفیت آن‌ها مورد تأیید می‌باشد. همچنین این تأمین‌کننده با فرآیند تولید، الزامات کیفی و مشخصات فنی قطعات آشنایی کامل دارد و سابقه مناسبی در تأمین این اقلام داشته است. ضمنا این شرکت دارای گواهینامه مدیریت کیفیت IATF 16949 می باشد و بابت هر پارت محموله ارسالی تست ریپورت و گزارش تنظیم و ارائه میگردد. لذا به منظور تأمین به‌موقع قطعات، حفظ کیفیت مورد تأیید و جلوگیری از بروز وقفه در تولید، خرید قطعات از شرکت ساتراپ جهان مورد تأیید و پیشنهاد می‌گردد.
A17: اعضای محترم کمیسیون معاملات:
A19: باتوجه به دلایل فوق، تامین اقلام از | E19: ='فرم وضعیت استعلام'!D9 -> شرکت ساتراپ جهان | H19: مورد تایید می باشد.
B21: نام و نام خانوادگی | E21: سمت | G21: امضا

Sheet صورتجلسه کمیسیون معاملات
I5: تاریخ: | J5: ='فرم وضعیت استعلام'!$M$3 -> 1405/05/05
I6: شماره فرم: | J6: ='فرم وضعیت استعلام'!M4 -> 33 | K6: /1404/م
C7: صورتجلسه کمیسیون معاملات
A8: موضوع: | B8: ='فرم وضعیت استعلام'!D6 -> پایه فلزی آینه جانبی J4
A9: زمان تشکیل جلسه: | C9: =J5 -> 1405/05/05
A10: محل تشکیل جلسه: | C10: دفتر مدیرعامل
A11: واحد متقاضی: | C11: بازرگانی
A13: پیرو درخواست طرح در جلسه کمیسیون معاملات به شماره | F13: ='فرم وضعیت استعلام'!I6 -> 16743 | G13: مورخ | H13: ='فرم وضعیت استعلام'!M3 -> 1405/05/05 | I13: بابت | J13: =B8 -> پایه فلزی آینه جانبی J4
A14: پیشنهادات واصله به شرح جدول ذیل می باشد:
B16: ردیف | C16: نام پیشنهاد تامین کننده | G16: مبلغ به عدد (ریال)
B17: 1 | C17: ='فرم وضعیت استعلام'!D9 -> شرکت ساتراپ جهان | G17: ='فرم وضعیت استعلام'!F9 -> 118800000000
B18: 2 | C18: ='فرم وضعیت استعلام'!D10 -> 0 | G18: ='فرم وضعیت استعلام'!F10 -> 0
B19: 3 | C19: ='فرم وضعیت استعلام'!D11 -> 0 | G19: ='فرم وضعیت استعلام'!F11 -> 0
B20: 4 | C20: ='فرم وضعیت استعلام'!D12 -> 0 | G20: ='فرم وضعیت استعلام'!F12 -> 0
A22: با بررسی پیشنهادات مطرح شده / گزارش فنی و مهندسی به شماره | F22: ='گزارش فنی و مهندسی تامین اقلام'!I5 -> 33 | G22: ='گزارش فنی و مهندسی تامین اقلام'!J5 -> /1404/م | H22: تاریخ | I22: ='فرم وضعیت استعلام'!M3 -> 1405/05/05 | J22: تامین اقلام مورد درخواست از
A23: ='فرم وضعیت استعلام'!D9 -> شرکت ساتراپ جهان | D23: به مبلغ | F23: ='فرم وضعیت استعلام'!F9 -> 118800000000 | H23: ریال | I23: مورد تصویب قرار می گیرد.
B25: نام و نام خانوادگی | E25: سمت | I25: امضاء
B26: میثم زارع | E26: دبیر کمیسیون
B27: کاووس سنگسرکی | E27: مدیر برنامه ریزی/ نماینده واحد درخواست کننده
B28: علیرضا فرجی | E28: مدیر مالی
B29: احسان الله شریفی | E29: رئیس کمیسیون
